334 : r,machine-learning,data-mining,feature-selection,operations-research,theory,r,parallel-computing,multicore,r,parallel-computing,multicore,stata,aic,time-series,data-transformation,modeling,data-visualization,algorithms,hypothesis-testing,random-variable,random-generation,time-series,outliers,r,time-series,data-visualization,ggplot2,r,time-series,data-visualization,ggplot2,standard-deviation
1260 : r,machine-learning,data-mining,feature-selection,r,machine-learning,data-mining,feature-selection,r,machine-learning,data-mining,feature-selection,r,machine-learning,data-mining,feature-selection
46 : r,machine-learning,data-mining,feature-selection,data-visualization,references,data-visualization,references,data-visualization,intuition,categorical-data,association-measure,r,time-series,poisson-distribution,count-data,epidemiology
18 : software,open-source,software,open-source,software,open-source,software,open-source,software,open-source,software,open-source,software,open-source,software,open-source,software,open-source,software,open-source,software,open-source,software,open-source,software,open-source
23 : software,open-source,machine-learning,pac-learning,distributions,statistical-significance,distributions,statistical-significance,distributions,statistical-significance
13 : software,open-source,humor,mathematical-statistics,random-variable,intuition,definition,software,open-source,r,r,references,r,references,r,r,regression,outliers,regression,outliers,data-visualization,protovis,data-visualization,software,hypothesis-testing,t-test,p-value,interpretation,intuition,hypothesis-testing,t-test,p-value,interpretation,intuition,hypothesis-testing,t-test,p-value,interpretation,intuition,algorithms,median,regression,outliers,regression,outliers,humor,hypothesis-testing,t-test,p-value,interpretation,intuition,humor,hypothesis-testing,t-test,p-value,interpretation,intuition,regression,outliers,regression,outliers
50 : software,open-source
5 : dataset,sample,population,teaching,machine-learning,pac-learning,modeling,time-series,finance,software,r,seasonality,pattern-recognition,r,r,references,r,r,references,data-visualization,references,data-visualization,references,data-visualization,references,data-visualization,references,data-visualization,references,data-visualization,references,data-visualization,references,data-visualization,references,bayesian,references,bayesian,references,bayesian,references,bayesian,references,r,bayesian,references,r,r,r,references,data-visualization,references,bayesian,references,data-visualization,references,data-visualization,references,data-visualization,open-source,data-mining,data-visualization,protovis,data-visualization,software,references,multivariate-analysis,outliers,regression,distributions,data-transformation,logarithm,regression-strategies,regression,distributions,data-transformation,logarithm,regression-strategies,time-series,forecasting,data-visualization,machine-learning,boosting,references,finance,probability,data-mining,cart,machine-learning,pac-learning,machine-learning,pac-learning,humor,humor,humor,humor,bayesian,references,humor,humor,humor,mathematical-statistics,references,humor,humor,humor,humor,humor,humor,teaching,communication,bayesian,mcmc,time-series,modeling,model-comparison,time-series,modeling,model-comparison,time-series,modeling,model-comparison,r,repeated-measures,multiple-comparisons,post-hoc,sphericity,machine-learning,pac-learning,references,open-source,references,open-source,bayesian,references,modeling,categorical-data,model-selection,binary-data,r,data-mining,dataset,eda,machine-learning,bayesian,references,machine-learning,bayesian,references,humor,machine-learning,bayesian,references,probability,bayesian,theory,machine-learning,bayesian,references,machine-learning,bayesian,references,humor,time-series,modeling,model-comparison,mixed-model,machine-learning,teaching,theory,theory,theory,distributions,logarithm,mean,r,parallel-computing,multicore,r,parallel-computing,multicore,r,parallel-computing,multicore,modeling,software,real-time,modeling,software,real-time,modeling,software,real-time,careers,careers,bayesian,references,bayesian,references,modeling,modeling,modeling,modeling,data-visualization,references,data-visualization,references,data-visualization,references,data-visualization,references,r,r,predictive-models,predictive-models,time-series,modeling,model-comparison,time-series,outliers,time-series,outliers,time-series,outliers,time-series,outliers,probability,combinatorics,birthday-paradox,machine-learning,pac-learning,data-visualization,references,machine-learning,pac-learning,machine-learning,pac-learning,machine-learning,pac-learning,time-series,outliers,signal-processing,wavelet
38 : dataset,sample,population,teaching,dataset,sample,population,teaching,dataset,sample,population,teaching,dataset,sample,population,teaching,dataset,sample,population,teaching,dataset,sample,population,teaching,dataset,sample,population,teaching,dataset,sample,population,teaching,dataset,sample,population,teaching,dataset,sample,population,teaching,dataset,sample,population,teaching
36 : software,open-source,dataset,sample,population,teaching,correlation,teaching,humor,data-visualization,intuition,algorithms,optimization,neural-networks,references,teaching,communication,data-visualization,software,r,references,references,stata,references,teaching,references,regression,econometrics,difference-in-difference,references,open-source,r,references
6 : bayesian,prior,elicitation,humor,variance,measurement
8 : bayesian,prior,elicitation,software,open-source,correlation,teaching,correlation,teaching,standard-deviation,error,teaching,unbiased-estimator,correlation,teaching,correlation,teaching,correlation,pca,covariance,factor-analysis,bayesian,prior,elicitation,algorithms,random-variable,random-generation,references,references,bayesian,references,r,references,bayesian,prior,elicitation,teaching,references,smoothing,kernel-smoothing,teaching,references,teaching,references,bayesian,prior,elicitation,standard-deviation,variance,anova,random-effects-model,data-visualization,statistical-significance,teaching,references,regression,distributions,data-transformation,logarithm,regression-strategies,standard-deviation,variance,anova,random-effects-model,references,references,references,references,references,algorithms,median,large-data,estimation,beta-binomial,algorithms,hypothesis-testing,random-variable,random-generation,variance,monitoring,humor,correlation,teaching,teaching,references,teaching,references,teaching,references,teaching,references,teaching,references,correlation,teaching,correlation,teaching,correlation,teaching,teaching,references,correlation,teaching,teaching,references,teaching,references,correlation,teaching,bayesian,prior,elicitation,bayesian,prior,elicitation,distributions,hypothesis-testing,standard-deviation,normal-distribution,regression,normality-assumption,standard-deviation,variance,normality-assumption,sample,unbiased-estimator,dataset,outliers,expectation-maximization,references,variance,measurement,dataset,outliers,expectation-maximization,teaching,references,references,modeling,modeling,data-visualization,data-visualization,hypothesis-testing,distributions,poisson-distribution,goodness-of-fit,data-visualization,data-visualization,data-visualization,data-visualization,data-visualization,model-selection,nonparametric,outliers,robust,philosophical,data-visualization,data-visualization,data-visualization,pca,data-visualization,histogram,barplot,probability,combinatorics,birthday-paradox,probability,combinatorics,birthday-paradox,r,probability,games,r,probability,games,sample
55 : dataset,sample,population,teaching,algorithms,random-variable,random-generation,standard-deviation,error,teaching,unbiased-estimator,standard-deviation,error,teaching,unbiased-estimator,standard-deviation,error,teaching,unbiased-estimator,standard-deviation,error,teaching,unbiased-estimator,standard-deviation,error,teaching,unbiased-estimator,standard-deviation,error,teaching,unbiased-estimator,data-visualization,intuition,standard-deviation,error,teaching,unbiased-estimator
24 : distributions,normality-assumption,distributions,normality-assumption,software,open-source,ordinal-data,likert,scales,measurement,ordinal-data,likert,scales,measurement,ordinal-data,likert,scales,measurement,ordinal-data,likert,scales,measurement,bayesian,frequentist,distributions,normality-assumption,ordinal-data,likert,scales,measurement,ordinal-data,likert,scales,measurement,ordinal-data,likert,scales,measurement,distributions,normality-assumption
37 : distributions,normality-assumption,humor,humor,humor
61 : software,open-source,distributions,modeling,poisson-distribution,overdispersion,signal-processing,spectral-analysis,standard-deviation,definition,bayesian,references,bayesian,mcmc,intuition,teaching,regression,modeling,regression,variance,t-test,heteroscedasticity,generalized-linear-model,optimization,fisher-scoring,standard-deviation,least-squares,multivariate-analysis,outliers,teaching,references,machine-learning,hidden-markov-model,image-processing,viterbi-algorithm,baum-welch,distributions,probability,hypothesis-testing,mathematical-statistics,nonparametric,survival,hazard,expectation-maximization,intuition,probability,mixture,pdf,time-series,distributions,sample-size,sample,normality-assumption,distribution-identification,time-series,outliers,signal-processing,wavelet
68 : dataset,sample,population,teaching,pattern-recognition,data-visualization,intuition,correlation,teaching,algorithms,optimization,neural-networks,data-visualization,intuition,data-visualization,intuition,data-visualization,intuition,data-visualization,intuition,algorithms,hypothesis-testing,random-variable,random-generation,probability,intuition,puzzle,machine-learning,unsupervised-learning,supervised-learning,semi-supervised,machine-learning,unsupervised-learning,supervised-learning,semi-supervised,machine-learning,unsupervised-learning,supervised-learning,semi-supervised,machine-learning,unsupervised-learning,supervised-learning,semi-supervised,theory,central-limit-theorem,finance,correlation,text-mining
69 : modeling,time-series,finance,software,modeling,time-series,finance,software,algorithms,random-variable,random-generation,r,seasonality,algorithms,hypothesis-testing,random-variable,random-generation,mathematical-statistics,random-variable,intuition,definition,r,r,references,r,references,distributions,pdf,cdf,r,references,r,references,algorithms,random-variable,random-generation,r,references,r,seasonality,distributions,pdf,cdf,modeling,time-series,finance,software,algorithms,random-variable,random-generation,modeling,time-series,finance,software,modeling,time-series,finance,software,modeling,time-series,finance,software,r,references,algorithms,hypothesis-testing,random-variable,random-generation,dataset,sample,population,teaching,algorithms,hypothesis-testing,random-variable,random-generation,algorithms,hypothesis-testing,random-variable,random-generation,algorithms,hypothesis-testing,random-variable,random-generation,algorithms,hypothesis-testing,random-variable,random-generation,algorithms,hypothesis-testing,random-variable,random-generation,algorithms,hypothesis-testing,random-variable,random-generation
54 : distributions,modeling,poisson-distribution,overdispersion,distributions,modeling,poisson-distribution,overdispersion,algorithms,median,large-data,correlation,teaching
75 : standard-deviation,standard-deviation,standard-deviation,references,finance,references,finance,standard-deviation,references,finance,references,finance,references,finance,standard-deviation,references,finance,standard-deviation,standard-deviation,standard-deviation,standard-deviation,standard-deviation,standard-deviation,standard-deviation,time-series,outliers,signal-processing,wavelet,time-series,outliers,signal-processing,wavelet,time-series,outliers,signal-processing,wavelet
83 : standard-deviation,standard-deviation,definition,standard-deviation,definition,standard-deviation,definition,standard-deviation,definition,standard-deviation,definition,standard-deviation,definition,standard-deviation,definition,standard-deviation,definition,standard-deviation,definition,standard-deviation,definition
80 : software,open-source,classification,information-retrieval,text-mining,data-visualization,software
74 : modeling,time-series,finance,software,standard-deviation,correlation,teaching,descriptive-statistics,likert,ordinal-data,data-visualization,references,classification,information-retrieval,text-mining,regression,pca,teaching,communication,sample-size,polling,software,open-source,regression,outliers,bayesian,mcmc,intuition,teaching,continuous-data,discrete-data,modeling,time-series,finance,software,references,finance,standard-deviation,variance,sample,population,references,references,references,references,references,references,references,references,bayesian,mcmc,intuition,teaching,references,references,references,references,references,machine-learning,unsupervised-learning,supervised-learning,semi-supervised,sas,modeling,categorical-data,model-selection,binary-data,dataset,survey,dataset,survey,dataset,survey,finance,correlation,text-mining,data-mining,dataset,eda,machine-learning,bayesian,references,humor,computational-statistics,model,teaching,bayesian,mcmc,intuition,teaching
62 : standard-deviation,mathematical-statistics,random-variable,intuition,definition,mathematical-statistics,random-variable,intuition,definition,mathematical-statistics,random-variable,intuition,definition,standard-deviation,variance,sample,population,modeling,poisson-distribution,large-data,mathematical-statistics,random-variable,intuition,definition,hypothesis-testing,t-test,p-value,interpretation,intuition,standard-deviation,variance,sample,population,standard-deviation,variance,sample,population,sas,sas,sas,sas,sas,sas,sas,sas,data-transformation,normality-assumption,references,history
56 : algorithms,hypothesis-testing,random-variable,random-generation,standard-deviation,error,teaching,unbiased-estimator,sample-size,estimation,least-squares,maximum-likelihood,clustering,software,open-source,regression,distributions,data-transformation,logarithm,regression-strategies,clustering,references,random-generation,proof,randomness,time-series,standard-deviation,mean,uncertainty,data-mining,dataset,eda,normality-assumption,rule-of-thumb,histogram,time-series,data-transformation,distributions,uniform,normal-distribution,probability,confidence-interval
39 : distributions,normality-assumption,bayesian,prior,elicitation,distributions,statistical-significance,distributions,statistical-significance,normality-assumption,kolmogorov-smirnov,machine-learning,methodology,theory,machine-learning,methodology,theory,machine-learning,methodology,theory,machine-learning,methodology,theory,modeling,spatial,machine-learning,unsupervised-learning,supervised-learning,semi-supervised,machine-learning,methodology,theory,modeling,aic,cross-validation,bic,model-selection,references,loss-functions,references,loss-functions,references,loss-functions,probability,bayesian,theory,bayesian,search-theory,probability,multivariate-analysis,parametric,information-geometry,machine-learning,methodology,theory,machine-learning,methodology,theory,index-decomposition
22 : clustering,large-data,dataset,sample,population,teaching,r,r,r,r,r,r,r,references,r,data-visualization,intuition,r,r,bayesian,references,r,references,r,clustering,large-data,r,clustering,large-data,references,stata,r,software,open-source,clustering,large-data,r,r,r,software,references,open-source,clustering,large-data,clustering,large-data,r,r,r,r
41 : clustering,large-data,standard-deviation,error,teaching,unbiased-estimator,data-visualization,intuition,standard-deviation,definition
87 : correlation,teaching,mathematical-statistics,random-variable,intuition,definition,distributions,pdf,cdf,data-visualization,open-source,data-visualization,open-source,data-visualization,open-source,data-visualization,open-source,time-series,forecasting,algorithms,median,sem,data-visualization,regression,outliers,hypothesis-testing,modeling,software,real-time,regression,pca,r,parallel-computing,multicore
96 : distributions,modeling,poisson-distribution,overdispersion
17 : correlation,pca,covariance,factor-analysis,correlation,pca,covariance,factor-analysis,references,history
25 : standard-deviation,error,teaching,unbiased-estimator,bayesian,references,teaching,references,multiple-comparisons,power,references,humor,probability,teaching,mathematical-statistics,r,repeated-measures,multiple-comparisons,post-hoc,sphericity,mixed-model,model-selection,aic,regression,outliers,rule-of-thumb,histogram,references,history,hypothesis-testing,standard-deviation,variance,normality-assumption,sample,unbiased-estimator,hypothesis-testing,large-data,multiple-comparisons,power,multiple-comparisons,power,distributions,sample-size,sample,normality-assumption,distribution-identification
58 : bias,bias
93 : bias
107 : r,data-visualization,clustering,large-data,references,open-source,references,open-source,references,open-source,references,open-source,references,open-source,references,open-source,references,open-source
114 : descriptive-statistics,likert,ordinal-data,multivariate-analysis,outliers,hypothesis-testing,measurement-error,method-comparison,bland-altman-plot,hypothesis-testing,measurement-error,method-comparison,bland-altman-plot,references,humor,r,probability,games,references,history,r,probability,games,r,probability,games,r,probability,games,r,probability,games,r,probability,games
122 : data-visualization,references
117 : signal-processing,spectral-analysis
12 : data-visualization,references
127 : data-visualization,references,dataset,sample,population,teaching,references,history,references,history,references,history,references,history,time-series,outliers,time-series,outliers,time-series,outliers,time-series,outliers,time-series,outliers,time-series,outliers,time-series,outliers,time-series,outliers,time-series,outliers,time-series,outliers,time-series,outliers,time-series,outliers
72 : references,survival,missing-data
130 : standard-deviation,definition,dataset
90 : r,r,r,r,r,r,r,dataset,r,standard-deviation,variance,sample,population,modeling,poisson-distribution,large-data,sample-size,estimation,least-squares,maximum-likelihood,sample-size,estimation,least-squares,maximum-likelihood,references,references,regression,standard-error,heteroscedasticity,robust-standard-error,hypothesis-testing,maximum-likelihood,estimation,method-of-moments,generalized-moments,sample-size,estimation,least-squares,maximum-likelihood,sample-size,estimation,least-squares,maximum-likelihood,r,r,modeling,poisson-distribution,large-data
139 : distributions,statistical-significance,algorithms,median
131 : classification,information-retrieval,text-mining,classification,information-retrieval,text-mining,classification,information-retrieval,text-mining,classification,information-retrieval,text-mining
142 : r,references,data-visualization,references,r,references,r,references,dataset,r,references,r,references,r,references,r,references,r,references,r,references,r,references,r,references,r,references,r,references,r,references,r,references
138 : dataset,dataset,dataset,dataset,dataset,dataset,algorithms,median,data-visualization,software,data-visualization,software,algorithms,median,algorithms,median,algorithms,median,algorithms,median,algorithms,median,algorithms,median
144 : regression,pca,regression,pca,pca,definition,pca,definition,r,spss,pca,factor-analysis,factor-rotation,r,r,spss,pca,factor-analysis,factor-rotation,references,history,regression,pca,regression,pca,regression,pca,regression,pca,regression,pca,regression,pca,experiment-design,experiment-design
81 : standard-deviation,definition,bayesian,frequentist,r,pca,definition,probability,teaching,mathematical-statistics,probability,bayesian,theory,theory,distributions,logarithm,mean
145 : ordinal-data,likert,scales,measurement,data-visualization,references
108 : bayesian,prior,elicitation,modeling,aic,cross-validation,bic,model-selection,psychometrics,reliability,elicitation,psychometrics,reliability,elicitation
154 : teaching,communication,teaching,communication,time-series,sample-size,polling,algorithms,random-variable,random-generation,time-series,teaching,communication,teaching,communication,teaching,communication,teaching,communication,teaching,communication
158 : data-visualization,references,dataset,references,finance
159 : regression,pca,dataset,time-series,teaching,references,regression,outliers,smoothing,kernel-smoothing,r,seasonality,model-selection,neural-networks,distributions,random-variable,minimum,r,distributions,maximum,multivariate-analysis,outliers,multivariate-analysis,outliers,data-visualization,multivariate-analysis,outliers,references,multivariate-analysis,outliers,multivariate-analysis,outliers,multivariate-analysis,outliers,time-series,forecasting,regression,frequentist,multiple-comparisons,multivariate-analysis,outliers,multivariate-analysis,outliers,correlation,causality,correlation,causality,correlation,causality,categorical-data,data-transformation,ordinal-data,continuous-data,correlation,causality,correlation,causality,correlation,causality,modeling,aic,cross-validation,bic,model-selection,correlation,causality,time-series,data-mining,signal-processing,trend,forecasting,estimation,maximum-likelihood,references,history,references,history,rule-of-thumb,histogram,hypothesis-testing,p-value,terminology,probability,mixture,pdf,multivariate-analysis,outliers,multivariate-analysis,outliers,distributions,uniform,normal-distribution,regression,distributions,uniform,normal-distribution,data-visualization,smoothing,model-selection,neural-networks,correlation,causality,time-series,outliers,mathematical-statistics,real-time,mean,data-visualization,references,r,predictive-models,time-series,algorithms,frequency,real-time,data-visualization,correlation,causality,time-series,outliers,correlation,count-data,pca,data-visualization,histogram,barplot,machine-learning,nonparametric,cart,references,humor,references,humor,time-series,modeling,change-point,r,time-series,poisson-distribution,count-data,epidemiology,data-transformation,large-data,data-transformation,large-data
66 : bayesian,frequentist,bayesian,frequentist,bayesian,frequentist
71 : dataset,r,time-series,poisson-distribution,count-data,epidemiology,hypothesis-testing,t-test,p-value,interpretation,intuition,r,time-series,poisson-distribution,count-data,epidemiology,r,time-series,poisson-distribution,count-data,epidemiology,time-series,data-visualization,time-series,outliers,mathematical-statistics,real-time,repeated-measures,repeated-measures,variability,repeated-measures,variability,repeated-measures,variability,repeated-measures,variability,r,time-series,poisson-distribution,count-data,epidemiology
119 : model-selection,neural-networks
173 : distributions,pdf,cdf,data-visualization,bland-altman-plot,hypothesis-testing,fitting,pca,definition,data-visualization,software,probability,intuition,puzzle,machine-learning,bayesian,references,hypothesis-testing,fitting,hypothesis-testing,fitting
132 : data-visualization,bland-altman-plot
174 : algorithms,median,data-mining,continuous-data,discrete-data,algorithms,median,categorical-data,data-transformation,ordinal-data,continuous-data,categorical-data,data-transformation,ordinal-data,continuous-data,categorical-data,data-transformation,ordinal-data,continuous-data,data-transformation,normality-assumption
148 : regression,hypothesis-testing,multiple-comparisons
175 : data-mining,data-mining,data-mining,data-mining,data-mining,data-mining,careers,careers,careers,careers
183 : dataset,sample,population,teaching,r,references,data-visualization,open-source,continuous-data,discrete-data,t-test,ordinal-data,likert,scales,clustering,large-data,references,mathematical-statistics,references,mathematical-statistics,references,correlation,causality,regression,frequentist,multiple-comparisons,ordinal-data,likert,scales,measurement,categorical-data,data-transformation,ordinal-data,continuous-data,humor,mathematical-statistics,references,references,history,mathematical-statistics,references,regression,careers,logistic,scales,survey,ranking,teaching,references,history,predictive-models,mathematical-statistics,references,mathematical-statistics,references,mathematical-statistics,references,r,time-series,data-visualization,ggplot2,experiment-design,hypothesis-testing,t-test,finance,robust,mathematical-statistics,references,mathematical-statistics,references,data-visualization,funnel-plot,java,references,humor,sem,data-visualization,software,open-source,mathematical-statistics,references,mathematical-statistics,references
188 : continuous-data,discrete-data,continuous-data,discrete-data,continuous-data,discrete-data,continuous-data,discrete-data,continuous-data,discrete-data,machine-learning,modeling,sample,validation,references,history
187 : r,references,hypothesis-testing,fitting,bayesian,prior,elicitation,standard-deviation,error,teaching,unbiased-estimator,generalized-linear-model,optimization,fisher-scoring,regression,regression
40 : teaching,references
191 : data-visualization,protovis,pca,definition,pca,definition,pca,definition,data-visualization,protovis,pca,definition,data-visualization,protovis,pca,definition,pca,definition,clustering,clustering,clustering,pca,definition
85 : distributions,random-variable,minimum,distributions,random-variable,minimum
128 : data-visualization,software,data-visualization,software,data-visualization,software,data-visualization,software,data-visualization,software,data-visualization,software,data-visualization,software,data-visualization,software,algorithms,median,data-visualization,software,data-visualization,software,data-visualization,software,time-series,data-visualization
79 : references,references,references,references,references,references,references,references
10 : data-visualization,protovis
196 : r,distributions,maximum,multivariate-analysis,outliers,standard-deviation,definition,ordinal-data,likert,scales,measurement,t-test,ordinal-data,likert,scales,pca,definition,sample-size,estimation,least-squares,maximum-likelihood,regression,distributions,data-transformation,logarithm,regression-strategies,variance,t-test,heteroscedasticity,ordinal-data,likert,scales,measurement,ordinal-data,likert,scales,measurement,distributions,statistical-significance,normality-assumption,kolmogorov-smirnov,regression,econometrics,instrumental-variables,hypothesis-testing,measurement-error,method-comparison,bland-altman-plot,modeling,aic,cross-validation,bic,model-selection,modeling,aic,cross-validation,bic,model-selection,modeling,aic,cross-validation,bic,model-selection,r,repeated-measures,multiple-comparisons,post-hoc,sphericity,r,aic,cross-validation,bic,r,aic,cross-validation,bic,r,aic,cross-validation,bic,r,aic,cross-validation,bic,r,spss,pca,factor-analysis,factor-rotation,r,distributions,maximum,r,distributions,maximum,r,repeated-measures,multiple-comparisons,post-hoc,sphericity,r,repeated-measures,multiple-comparisons,post-hoc,sphericity,r,repeated-measures,multiple-comparisons,post-hoc,sphericity,modeling,aic,cross-validation,bic,model-selection,variance,t-test,heteroscedasticity,data-transformation,normality-assumption,variance,t-test,heteroscedasticity,theory,distributions,hypothesis-testing,standard-deviation,normal-distribution,stata,aic,anova,r,distributions,maximum,logit,logistic,distributions,uniform,normal-distribution,distributions,spearman-rho,paired-data,distributions,uniform,normal-distribution,distributions,uniform,normal-distribution,distributions,uniform,normal-distribution,distributions,uniform,normal-distribution,distributions,uniform,normal-distribution,regression,r,aic,cross-validation,bic,r,aic,cross-validation,bic,r,aic,cross-validation,bic,r,aic,cross-validation,bic,multiple-comparisons,power,multiple-comparisons,power,r,parallel-computing,multicore,r,correlation,efficiency,r,correlation,efficiency,r,correlation,efficiency,r,correlation,efficiency,correlation,count-data,r,nonparametric,combinatorics,r,correlation,efficiency,r,correlation,efficiency,r,correlation,efficiency,r,nonparametric,combinatorics,r,nonparametric,combinatorics,r,nonparametric,combinatorics,r,nonparametric,combinatorics,r,nonparametric,combinatorics,logistic,link-function,r,regression,mixed-model,link-function,logistic,link-function,r,aic,cross-validation,bic,r,aic,cross-validation,bic,r,logistic,generalized-linear-model,residuals,aic
199 : references,references,r,time-series,poisson-distribution,count-data,epidemiology,time-series,forecasting,time-series,forecasting,time-series,forecasting,regression,outliers,time-series,forecasting,time-series,forecasting,time-series,forecasting,time-series,forecasting,time-series,forecasting,time-series,forecasting,time-series,forecasting,data-visualization,time-series,forecasting
103 : data-visualization,open-source
198 : pca,definition,time-series,forecasting
171 : data-visualization,software,r
211 : data-visualization,open-source,teaching,references,dataset,sample,population,teaching,categorical-data,association-measure,correlation,pca,covariance,factor-analysis
215 : r,references,r,mathematical-statistics,random-variable,intuition,definition,modeling,regression,modeling,regression,standard-deviation,variance,sample,population,probability,intuition,puzzle,hypothesis-testing,t-test,p-value,interpretation,intuition,references,bayesian,frequentist,references,references,bayesian,mcmc,intuition,teaching,correlation,teaching,references,stata,bayesian,references,references,teaching,references,references,finance,standard-deviation,modeling,spatial,regression,standard-error,heteroscedasticity,robust-standard-error,estimation,method-of-moments,generalized-moments,regression,standard-error,heteroscedasticity,robust-standard-error,regression,standard-error,heteroscedasticity,robust-standard-error,regression,standard-error,heteroscedasticity,robust-standard-error,regression,distributions,data-transformation,logarithm,regression-strategies,mixed-model,model-selection,aic,sample-size,estimation,least-squares,maximum-likelihood,teaching,communication,continuous-data,discrete-data,bayesian,mcmc,correlation,causality,regression,econometrics,difference-in-difference,regression,econometrics,instrumental-variables,regression,econometrics,instrumental-variables,regression,standard-error,heteroscedasticity,robust-standard-error,modeling,regression,modeling,regression,theory,central-limit-theorem,references,history,probability,regression,econometrics,instrumental-variables
213 : standard-deviation,variance,anova,random-effects-model,standard-deviation,variance,anova,random-effects-model,standard-deviation,variance,normality-assumption,sample,unbiased-estimator,standard-deviation,variance,normality-assumption,sample,unbiased-estimator
217 : machine-learning,classification,application,machine-learning,classification,application,machine-learning,classification,application,machine-learning,classification,application,data-visualization,data-visualization,data-visualization,algorithms,median,data-visualization,data-visualization,machine-learning,classification,application,data-visualization,data-visualization,correlation,causality,machine-learning,nonparametric,cart,machine-learning,nonparametric,cart,machine-learning,nonparametric,cart
190 : data-visualization,multivariate-analysis,pivot-table,probability,data-mining,cart,classification,information-retrieval,text-mining,clustering,variance,monitoring,time-series,forecasting,time-series,data-mining,signal-processing,trend,machine-learning,classification,multiple-comparisons,multivariate-analysis,feature-selection,sas,sas,regression,frequentist,multiple-comparisons,humor,clustering,machine-learning,unsupervised-learning,supervised-learning,semi-supervised,machine-learning,unsupervised-learning,supervised-learning,semi-supervised,time-series,modeling,model-comparison,distributions,discrete-data,distributions,discrete-data,distributions,discrete-data,standard-deviation,data-mining,dataset,eda,machine-learning,modeling,sample,validation,machine-learning,bayesian,references,machine-learning,bayesian,references,software,clustering,statistical-significance,binary-data,clustering,statistical-significance,binary-data,clustering,statistical-significance,binary-data,careers
194 : statistical-significance
216 : time-series,modeling,time-series,finance,software
221 : r,references,clustering,clustering
1356 : categorical-data,association-measure,categorical-data,association-measure,categorical-data,association-measure,categorical-data,association-measure,interpretation,degrees-of-freedom,intuition,measurement,measurement,references,history,r,references,machine-learning,bayesian,references,teaching,references,regression,pca,regression,pca,regression,pca,repeated-measures,probability,games,dice,probability,games,dice,probability,games,dice,probability,games,dice
125 : regression,distributions,data-transformation,logarithm,regression-strategies,regression,distributions,data-transformation,logarithm,regression-strategies,regression,distributions,data-transformation,logarithm,regression-strategies,regression,distributions,data-transformation,logarithm,regression-strategies,regression,distributions,data-transformation,logarithm,regression-strategies,regression,distributions,data-transformation,logarithm,regression-strategies
229 : modeling,regression,references,finance,correlation,causality,model-selection,nonparametric,outliers,robust,philosophical
189 : references,stata,references,stata,references,stata,references,stata,references,stata,large-data,stata,computing,estimation,maximum-likelihood,estimation,maximum-likelihood,estimation,maximum-likelihood,large-data,stata,computing,large-data,stata,computing
89 : distributions,random-variable,minimum,references,entropy,references,references,probability,intuition,puzzle,references,references,distributions,probability,hypothesis-testing,mathematical-statistics,distributions,probability,hypothesis-testing,mathematical-statistics,distributions,probability,hypothesis-testing,mathematical-statistics,distributions,probability,hypothesis-testing,mathematical-statistics,distributions,probability,hypothesis-testing,mathematical-statistics,distributions,probability,hypothesis-testing,mathematical-statistics,distributions,probability,hypothesis-testing,mathematical-statistics,distributions,probability,hypothesis-testing,mathematical-statistics,distributions,probability,hypothesis-testing,mathematical-statistics,distributions,probability,hypothesis-testing,mathematical-statistics,distributions,probability,hypothesis-testing,mathematical-statistics,distributions,probability,hypothesis-testing,mathematical-statistics,distributions,probability,hypothesis-testing,mathematical-statistics,probability,teaching,mathematical-statistics,references,mathematical-statistics,moments,intuition,circular-statistics
226 : hypothesis-testing,t-test,p-value,interpretation,intuition,data-visualization,regression,outliers,r,time-series,poisson-distribution,count-data,epidemiology,data-mining
220 : machine-learning,boosting,machine-learning,boosting,machine-learning,boosting,estimation,beta-binomial,estimation,beta-binomial
3807 : r,references,references,references,references,references,bias,references,entropy,distributions,normality-assumption,standard-deviation,least-squares,standard-deviation,least-squares,humor,correlation,teaching,references,entropy,references,entropy,distributions,logarithm,mean,references,history,hypothesis-testing,large-data,dataset,outliers,expectation-maximization
218 : standard-deviation
247 : references,finance,algorithms,median,large-data,algorithms,median,large-data,algorithms,median,large-data,references,algorithms,median,large-data,standard-deviation,standard-deviation,algorithms,median,large-data,algorithms,modeling,software,real-time,regression,distributions,poisson-distribution,hypothesis-testing,discrete-data,kolmogorov-smirnov,time-series,outliers,references,distributions,sample-size,sample,normality-assumption,distribution-identification,distributions,sample-size,sample,normality-assumption,distribution-identification
15 : r,references
178 : algorithms,median,large-data
16 : dataset,sample,population,teaching
170 : machine-learning,classification,application,time-series,machine-learning,pca,data-transformation,multivariate-analysis,time-series,machine-learning,pca,data-transformation,multivariate-analysis,time-series,machine-learning,pca,data-transformation,multivariate-analysis,time-series,machine-learning,pca,data-transformation,multivariate-analysis,time-series,machine-learning,pca,data-transformation,multivariate-analysis,time-series,machine-learning,pca,data-transformation,multivariate-analysis,time-series,machine-learning,pca,data-transformation,multivariate-analysis
34 : references,probability,mixture,pdf,probability,mixture,pdf,multivariable,interpolation,probability,mixture,pdf,multivariable,interpolation
252 : probability,intuition,puzzle,probability,intuition,puzzle,multivariate-analysis,pivot-table,probability,data-mining,cart,random-generation,proof,randomness,probability,data-mining,cart,probability,data-mining,cart,probability,data-mining,cart,probability,data-mining,cart,probability,intuition,puzzle,probability,intuition,puzzle,probability,intuition,puzzle,probability,intuition,puzzle,probability,intuition,puzzle,probability,intuition,puzzle,probability,intuition,puzzle
223 : probability,data-mining,cart,multivariate-analysis,outliers,references,machine-learning,pac-learning,references,distributions,probability,hypothesis-testing,mathematical-statistics,machine-learning,classification,multiple-comparisons,multivariate-analysis,feature-selection,machine-learning,classification,multiple-comparisons,multivariate-analysis,feature-selection,machine-learning,classification,multiple-comparisons,multivariate-analysis,feature-selection,machine-learning,methodology,theory,regression,standard-error,heteroscedasticity,robust-standard-error,standard-deviation,definition,standard-deviation,definition,hypothesis-testing,measurement-error,method-comparison,bland-altman-plot,nonparametric,survival,hazard,time-series,data-mining,signal-processing,trend,machine-learning,classification,multiple-comparisons,multivariate-analysis,feature-selection,distributions,probability,hypothesis-testing,mathematical-statistics,distributions,probability,hypothesis-testing,mathematical-statistics,regression,discriminant-analysis,machine-learning,expectation-maximization,expectation-maximization,intuition,correlation,causality,clustering,large-data,data-mining,time-series,forecasting,time-series,forecasting,distributions,discrete-data,standard-deviation,distributions,normality-assumption,continuous-data,discrete-data,multiple-comparisons,power,machine-learning,r,algorithms,cart,random-forest,machine-learning,bayesian,references,references,entropy,references,history,references,history,references,history,references,history,references,history,references,history,references,history,references,history,references,history,references,history,references,history,references,history,references,history,references,history,references,history,references,history,references,history,references,history,data-transformation,normality-assumption,references,history,references,history,references,history,references,history,references,history,distributions,logarithm,mean,references,history,references,history,references,history,data-mining,signal-processing,curve-fitting,wavelet,references,history,hypothesis-testing,regression,lasso,ridge-regression,hypothesis-testing,hypothesis-testing,probability,mixture,pdf,machine-learning,classification,cross-validation,machine-learning,classification,cross-validation,data-mining,signal-processing,curve-fitting,wavelet,time-series,outliers,signal-processing,wavelet,references,history,references,history,references,history,references,history,distributions,kullback-leibler,information-geometry,references,history,references,history,references,history,references,history,references,history,model-selection,nonparametric,outliers,robust,philosophical,references,history,predictive-models,probability,binomial,mathematical-statistics,probability,binomial,mathematical-statistics,time-series,machine-learning,pca,data-transformation,multivariate-analysis,time-series,machine-learning,pca,data-transformation,multivariate-analysis,references,history,time-series,machine-learning,pca,data-transformation,multivariate-analysis,r,correlation,efficiency,references,history,references,history,references,history,references,history,references,history,references,history,references,history,references,history,references,history,references,history,references,history,modeling,compression,repeated-measures,variability,references,history,machine-learning,classification,dataset,large-data,machine-learning,classification,dataset,large-data,time-series,forecasting,mathematical-statistics,references,references,history,references,history,time-series,stochastic-processes,stationarity,time-series,stochastic-processes,stationarity,data-transformation,large-data,time-series,stochastic-processes,stationarity,example,regression,correlation,variance,references,history,references,history
251 : distributions,statistical-significance,references,data-visualization,references,probability,intuition,puzzle,classification,information-retrieval,text-mining,hypothesis-testing,maximum-likelihood,references,references,mixed-model,model-selection,aic,teaching,communication,correlation,causality,references,loss-functions,sem,data-visualization,estimation,maximum-likelihood,modeling,bayesian,logit,transportation,software,data-mining,dataset,eda,references,history,survival,missing-data,probability,teaching,mathematical-statistics,hypothesis-testing,p-value,terminology,rule-of-thumb,histogram,modeling,software,real-time,references,contingency-tables,yates-correction,r,survival,references,r,survival,stata,multivariate-analysis,parametric,information-geometry,time-series,outliers,mathematical-statistics,real-time,modeling,categorical-data,logistic,multiple-comparisons,chi-squared,modeling,sem,data-visualization,r,regression,mixed-model,link-function,pareto-distribution,data-imputation,mathematical-statistics,references,distributions,relative-distribution,data-transformation,large-data,regression,correlation,variance,distributions,odds-ratio
210 : standard-deviation,least-squares,variance,monitoring,variance,monitoring,algorithms,median,large-data,time-series,data-mining,signal-processing,trend,time-series,data-mining,signal-processing,trend,time-series,data-mining,signal-processing,trend,time-series,data-mining,signal-processing,trend,rule-of-thumb,histogram,bayesian,search-theory,bayesian,search-theory,variance,measurement,variance,measurement,variance,measurement
256 : clustering,categorical-data,association-measure,machine-learning,pac-learning,multivariate-analysis,outliers,sas
219 : time-series,standard-deviation,mean,uncertainty,references,references,references,references,references,references,references,references,references,dataset,outliers,expectation-maximization,dataset,outliers,expectation-maximization,dataset,outliers,expectation-maximization,dataset,outliers,expectation-maximization,dataset,outliers,expectation-maximization,dataset,outliers,expectation-maximization,dataset,outliers,expectation-maximization,references
30 : references,distributions,probability,hypothesis-testing,mathematical-statistics,machine-learning,classification,multiple-comparisons,multivariate-analysis,feature-selection,machine-learning,pac-learning,r,bayesian,references,machine-learning,r,algorithms,cart,random-forest,distributions,hypothesis-testing,standard-deviation,normal-distribution,distributions,hypothesis-testing,standard-deviation,normal-distribution,distributions,hypothesis-testing,standard-deviation,normal-distribution
259 : time-series,data-visualization,time-series,data-visualization
115 : teaching,references,dataset,sample,population,teaching
168 : references,confidence-interval,estimation,modeling,model-selection,misspecification,probability,binomial,mathematical-statistics,probability,binomial,mathematical-statistics
260 : clustering,algorithms,hypothesis-testing,random-variable,random-generation,sample-size,estimation,least-squares,maximum-likelihood,correlation,causality,regression,lasso,ridge-regression
253 : data-visualization,software,references,open-source,references,stata,references,r,parallel-computing,multicore,references,history,regression,categorical-data,logistic,multiple-comparisons,chi-squared,r,r,r,r,references,modeling,r,correlation,efficiency,r,r,r,anova,repeated-measures,nonparametric,manova,mathematical-statistics,references,r,probability,games,experiment-design,r,probability,games,references,humor,distributions,odds-ratio
266 : references,humor,standard-deviation,mixed-model,model-selection,aic,mixed-model,model-selection,aic,mixed-model,model-selection,aic
268 : references,teaching,references
214 : mathematical-statistics,references,r,repeated-measures,multiple-comparisons,post-hoc,sphericity
267 : regression,frequentist,multiple-comparisons,regression,frequentist,multiple-comparisons,regression,frequentist,multiple-comparisons
33 : time-series,data-mining,signal-processing,trend,time-series,outliers,mathematical-statistics,real-time
270 : teaching,communication,correlation,teaching,correlation,teaching,categorical-data,data-transformation,ordinal-data,continuous-data
166 : clustering
35 : standard-deviation,standard-deviation
273 : time-series,forecasting,correlation,count-data,correlation,count-data,correlation,count-data,correlation,count-data,correlation,count-data
92 : teaching,references,hypothesis-testing,t-test,p-value,interpretation,intuition
99 : machine-learning,hidden-markov-model,image-processing,viterbi-algorithm,baum-welch,machine-learning,hidden-markov-model,image-processing,viterbi-algorithm,baum-welch,machine-learning,hidden-markov-model,image-processing,viterbi-algorithm,baum-welch,machine-learning,hidden-markov-model,image-processing,viterbi-algorithm,baum-welch,machine-learning,hidden-markov-model,image-processing,viterbi-algorithm,baum-welch,probability,intuition,puzzle
240 : machine-learning,hidden-markov-model,image-processing,viterbi-algorithm,baum-welch,machine-learning,hidden-markov-model,image-processing,viterbi-algorithm,baum-welch,references,loss-functions,expectation-maximization,intuition,machine-learning,expectation-maximization,expectation-maximization,intuition,machine-learning,expectation-maximization,machine-learning,expectation-maximization,machine-learning,expectation-maximization,machine-learning,expectation-maximization
200 : references,loss-functions
57 : references,time-series,garch,volatility-forecasting,finance
165 : regression,discriminant-analysis
59 : forecasting,modeling,categorical-data,model-selection,binary-data,modeling,categorical-data,model-selection,binary-data,dataset,survey,machine-learning,modeling,sample,validation,machine-learning,modeling,sample,validation,machine-learning,modeling,sample,validation,modeling,bayesian,logit,transportation,normality-assumption,normality-assumption,normality-assumption,regression,regression,regression,regression,regression,forecasting,population,census,modeling,references,modeling,references,modeling,references,references,modeling
236 : teaching,references,interpretation,degrees-of-freedom,intuition,references,humor
288 : machine-learning,modeling,sample,validation,correlation,teaching,stata,aic,r
302 : dataset,survey,dataset,survey,r,references,r,survival,references
7 : theory,central-limit-theorem,theory,central-limit-theorem
9426 : data-mining,dataset,eda,data-mining,dataset,eda,machine-learning,bayesian,references,machine-learning,bayesian,references,machine-learning,bayesian,references,machine-learning,bayesian,references,machine-learning,bayesian,references,machine-learning,bayesian,references,machine-learning,bayesian,references,machine-learning,bayesian,references,machine-learning,bayesian,references,machine-learning,bayesian,references,data-mining,dataset,eda,machine-learning,bayesian,references,machine-learning,bayesian,references,machine-learning,bayesian,references,machine-learning,bayesian,references,machine-learning,bayesian,references,data-mining,dataset,eda,data-mining,dataset,eda,logit,logistic,logit,logistic,logit,logistic,machine-learning,bayesian,references,machine-learning,bayesian,references,machine-learning,bayesian,references,machine-learning,bayesian,references,machine-learning,bayesian,references,machine-learning,bayesian,references,machine-learning,bayesian,references,machine-learning,bayesian,references
315 : machine-learning,bayesian,references,r,references
317 : pca,definition
319 : teaching,communication,references,open-source,teaching,references,algorithms,hypothesis-testing,random-variable,random-generation,r,references,references,probability,teaching,mathematical-statistics,references,history,references,history,references,references,references,references,bayesian,references,r,model-selection,nonparametric,outliers,robust,philosophical,hypothesis-testing,distributions,poisson-distribution,goodness-of-fit,algorithms,hypothesis-testing,random-variable,random-generation,estimation,maximum-likelihood,references,history
292 : finance,correlation,text-mining,finance,correlation,text-mining,finance,correlation,text-mining,finance,correlation,text-mining,finance,correlation,text-mining,r,probability,games
333 : probability,bayesian,theory,probability,bayesian,theory,probability,bayesian,theory,probability,bayesian,theory,probability,bayesian,theory
327 : probability,teaching,mathematical-statistics,probability,teaching,mathematical-statistics,probability,teaching,mathematical-statistics,theory,theory,theory,probability,teaching,mathematical-statistics,probability,teaching,mathematical-statistics,theory,theory,theory,theory,theory
279 : estimation,beta-binomial,distributions,hypothesis-testing,standard-deviation,normal-distribution,regression,roc,t-test,modeling,categorical-data,chi-squared,modeling,categorical-data,chi-squared,modeling,categorical-data,chi-squared,epidemiology,epidemiology
339 : mathematical-statistics,references,clustering,statistical-significance,binary-data,interpretation,degrees-of-freedom,intuition,r,mean,statistical-significance,spss,contingency-tables,r,time-series,modeling,aic,hypothesis-testing,distributions,poisson-distribution,goodness-of-fit,probability,confidence-interval
352 : standard-deviation,definition,algorithms,median,large-data,time-series,machine-learning,pca,data-transformation,multivariate-analysis,missing-data,references,history,time-series,stochastic-processes,stationarity,time-series,stochastic-processes,stationarity,time-series,stochastic-processes,stationarity,time-series,stochastic-processes,stationarity,time-series,stochastic-processes,stationarity,example
367 : finance,correlation,text-mining
368 : references,entropy,data-transformation,normality-assumption,multivariate-analysis,parametric,information-geometry,multivariate-analysis,parametric,information-geometry,multivariate-analysis,parametric,information-geometry
369 : standard-deviation,definition
378 : standard-deviation,definition,time-series,data-transformation,regression,hypothesis-testing,distributions,poisson-distribution,goodness-of-fit
25692 : probability,bayesian,theory,hypothesis-testing,distributions,poisson-distribution,goodness-of-fit,r,references
401 : regression,econometrics,instrumental-variables,regression,standard-error,heteroscedasticity,robust-standard-error,r,distributions,maximum
402 : software,software,software
300 : r
434 : references,history
439 : r
442 : r,repeated-measures,multiple-comparisons,post-hoc,sphericity,modeling,regression,references,history,variance,t-test,heteroscedasticity,data-transformation,normality-assumption,data-transformation,normality-assumption,categorical-data,count-data,normalization,t-test,machine-learning,bayesian,references,hypothesis-testing,t-test,finance,robust
438 : time-series,modeling,model-comparison,time-series,data-transformation,time-series,data-transformation,time-series,data-transformation,time-series,data-transformation,model-selection,neural-networks,model-selection,nonparametric,outliers,robust,philosophical,model-selection,nonparametric,outliers,robust,philosophical,model-selection,nonparametric,outliers,robust,philosophical,time-series,modeling,model-comparison,model-selection,nonparametric,outliers,robust,philosophical,model-selection,nonparametric,outliers,robust,philosophical,bayesian,mcmc,intuition,teaching,machine-learning,nonparametric,cart,model-selection,nonparametric,outliers,robust,philosophical,data-visualization,funnel-plot,java,missing-data,machine-learning,pac-learning
449 : modeling,poisson-distribution,large-data,confidence-interval,regression,econometrics,instrumental-variables,hypothesis-testing
447 : modeling,aic,cross-validation,bic,model-selection,modeling,regression,probability,bayesian,theory,references,history,references,open-source,machine-learning,teaching,mixed-model,variance,t-test,heteroscedasticity,r,parallel-computing,multicore,regression,roc
445 : mixed-model,mixed-model,anova,anova,mixed-model
453 : machine-learning,teaching,machine-learning,teaching,machine-learning,teaching
460 : operations-research,operations-research,references,history,references,history,references,history,operations-research
172 : operations-research,distributions,poisson-distribution,distributions,poisson-distribution,r,survival,references,r,survival,stata,r,survival,references,r,survival,references
463 : data-transformation,normality-assumption,data-transformation,normality-assumption,data-transformation,normality-assumption,data-transformation,normality-assumption,data-transformation,normality-assumption,data-transformation,normality-assumption,data-transformation,normality-assumption
228 : distributions,logarithm,mean,distributions,logarithm,mean,distributions,logarithm,mean,distributions,logarithm,mean,distributions,logarithm,mean
7620 : references,history
476 : rule-of-thumb,histogram,rule-of-thumb,histogram,rule-of-thumb,histogram,rule-of-thumb,histogram,rule-of-thumb,histogram
257 : mean
474 : mean,regression,regression,regression,mean
482 : references,history,operations-research
480 : r,r,parallel-computing,multicore,r,parallel-computing,multicore,r,parallel-computing,multicore,r,parallel-computing,multicore,r,parallel-computing,multicore,r,parallel-computing,multicore,r,parallel-computing,multicore,r,parallel-computing,multicore,r,parallel-computing,multicore
488 : algorithms
491 : normality-assumption
494 : distributions,logarithm,mean
495 : data-mining,signal-processing,curve-fitting,wavelet,categorical-data,count-data,normalization,data-visualization,machine-learning,nonparametric,cart
498 : stata,aic,stata,aic,stata,aic,stata,aic
485 : r,spss,pca,factor-analysis,factor-rotation,r,logistic,r,survival,references,categorical-data,logistic,multiple-comparisons,chi-squared,r,anova,repeated-measures,nonparametric,manova,hypothesis-testing,t-test,finance,robust,regression,correlation,variance
503 : regression
500 : computational-statistics,model,computational-statistics,model,computational-statistics,model
506 : categorical-data,association-measure,hypothesis-testing,hypothesis-testing,large-data,hypothesis-testing
501 : r,logistic
511 : stata,aic
481 : bayesian,search-theory
364 : anova,dataset,outliers,expectation-maximization,confidence-interval,data-visualization,confidence-interval,bootstrap
520 : hypothesis-testing,p-value,terminology,hypothesis-testing,p-value,terminology,hypothesis-testing,p-value,terminology,hypothesis-testing,hypothesis-testing,hypothesis-testing,hypothesis-testing,hypothesis-testing,p-value,terminology
455 : regression,lasso,ridge-regression,regression,lasso,ridge-regression,regression,lasso,ridge-regression,probability,games,dice
163 : hypothesis-testing,p-value,terminology
530 : regression,lasso,ridge-regression,distributions,kullback-leibler,information-geometry
1005 : interpretation,degrees-of-freedom,intuition,interpretation,degrees-of-freedom,intuition,interpretation,degrees-of-freedom,intuition
11 : r,mathematical-statistics,references,data-visualization,references,predictive-models,predictive-models,predictive-models,predictive-models,predictive-models,predictive-models,predictive-models,predictive-models,predictive-models,predictive-models,predictive-models,predictive-models,predictive-models
549 : data-mining,signal-processing,curve-fitting,wavelet,machine-learning,online,hypothesis-testing,logit,logistic,distributions,poisson-distribution
284 : machine-learning,online
557 : multivariable,interpolation,bayesian,references
287 : regression,logit,logistic,hypothesis-testing,large-data,r,mean,statistical-significance,spss,categorical-data,logistic,multiple-comparisons,chi-squared,categorical-data,logistic,multiple-comparisons,chi-squared,distributions,relative-distribution,categorical-data,logistic,multiple-comparisons,chi-squared,model-selection,nonparametric,outliers,robust,philosophical,modeling,categorical-data,chi-squared,correlation,count-data,modeling,categorical-data,chi-squared,modeling,categorical-data,chi-squared,references,humor
559 : hypothesis-testing,large-data,hypothesis-testing,large-data,hypothesis-testing,large-data,hypothesis-testing,contingency-tables,yates-correction,contingency-tables,yates-correction,contingency-tables,yates-correction,hypothesis-testing,large-data,hypothesis-testing,large-data,hypothesis-testing,large-data,hypothesis-testing,large-data
561 : references,references,stata
560 : probability,probability,probability
569 : r,mean,statistical-significance,spss,r,mean,statistical-significance,spss
513 : logistic,scales,survey,ranking
582 : contingency-tables,contingency-tables,distributions,sample-size,sample,normality-assumption,distribution-identification,r,probability,games,estimation,maximum-likelihood
419 : contingency-tables,hypothesis-testing,large-data,hypothesis-testing,p-value,terminology,dataset,outliers,expectation-maximization,regression,confidence-interval,estimation,modeling,model-selection,misspecification,correlation,causality
603 : time-series,data-transformation,regression,multivariate-analysis,outliers,r,time-series,modeling,aic,regression,time-series,garch,volatility-forecasting,finance,time-series,outliers,distributions,sample-size,sample,normality-assumption,distribution-identification,robust,logistic,link-function
609 : multivariate-analysis,outliers
608 : distributions,spearman-rho,paired-data,distributions,kullback-leibler,information-geometry,distributions,kullback-leibler,information-geometry,distributions,relative-distribution,distributions,relative-distribution,distributions,spearman-rho,paired-data,distributions,relative-distribution
614 : distributions,uniform,normal-distribution,regression,regression,forecasting,population,census,hypothesis-testing,discrete-data,kolmogorov-smirnov,regression,regression,regression
531 : references
601 : variance,measurement,probability,multivariate-analysis,parametric,information-geometry,distributions,normality-assumption,data-visualization,regression,roc,r,nonparametric,combinatorics,confidence-interval,bootstrap,logistic,link-function,hypothesis-testing,multiple-comparisons
353 : probability,probability
634 : distributions,normality-assumption,distributions,normality-assumption,distributions,normality-assumption,distributions,normality-assumption,distributions,normality-assumption,distributions,normality-assumption,hypothesis-testing,distributions,poisson-distribution,goodness-of-fit,hypothesis-testing,distributions,poisson-distribution,goodness-of-fit,hypothesis-testing,distributions,poisson-distribution,goodness-of-fit,hypothesis-testing,distributions,poisson-distribution,goodness-of-fit,hypothesis-testing,distributions,poisson-distribution,goodness-of-fit,hypothesis-testing,distributions,poisson-distribution,goodness-of-fit,hypothesis-testing,distributions,poisson-distribution,goodness-of-fit,hypothesis-testing,distributions,poisson-distribution,goodness-of-fit,references,humor
493 : distributions,normality-assumption
638 : probability,intuition,puzzle,probability,intuition,puzzle
572 : probability,intuition,puzzle
642 : data-visualization,smoothing
643 : references,references,history,references,history,r,correlation,efficiency
647 : distributions,distributions,distributions,distributions
588 : categorical-data,count-data,categorical-data,count-data,categorical-data,count-data,epidemiology,epidemiology,epidemiology,epidemiology
652 : normalization,normalization,normalization
162 : normalization
660 : modeling,modeling,modeling,modeling,modeling,modeling,modeling,modeling,modeling,modeling,modeling,modeling,modeling
665 : data-visualization,references,data-visualization,references,data-visualization,references
666 : time-series,outliers,mathematical-statistics,real-time,machine-learning,bayesian,references,multivariable,interpolation,references,humor,estimation,maximum-likelihood
667 : time-series,outliers,mathematical-statistics,real-time,time-series,outliers,mathematical-statistics,real-time,time-series,outliers,mathematical-statistics,real-time,time-series,outliers,mathematical-statistics,real-time,time-series,outliers,mathematical-statistics,real-time,time-series,outliers,mathematical-statistics,real-time,time-series,outliers,mathematical-statistics,real-time,time-series,algorithms,frequency,real-time,time-series,algorithms,frequency,real-time
668 : modeling
632 : hypothesis-testing,distributions,poisson-distribution,goodness-of-fit
573 : index-decomposition
686 : categorical-data,count-data,regression,hypothesis-testing,distributions,poisson-distribution,goodness-of-fit,references,history,machine-learning,bayesian,references
303 : predictive-models,distributions,data-mining
29 : predictive-models,r,predictive-models,predictive-models
521 : machine-learning,teaching,correlation,causality,references,history,references,history,references,history,references,history,references,history,references,humor,references,humor,references,humor,references,humor,references,history,machine-learning,bayesian,references,references,modeling,large-data,stata,computing,references,humor,references,humor,references,humor,references,humor,references,humor,references,humor,references,humor,references,humor,r,logistic,generalized-linear-model,residuals,aic,references,humor,machine-learning,pac-learning
698 : data-visualization,data-visualization
702 : mixed-model
366 : t-test,t-test
358 : machine-learning,bayesian,references
124 : machine-learning,bayesian,references
729 : algorithms,hypothesis-testing,random-variable,random-generation,r,nonparametric,combinatorics
732 : hypothesis-testing,distributions,poisson-distribution,goodness-of-fit
684 : regression,roc,regression,roc,regression,roc
738 : distributions,data-mining
749 : time-series,references,history
553 : references,history
10229 : references,modeling
760 : pca,data-visualization,histogram,barplot,pca,data-visualization,histogram,barplot,pca,data-visualization,histogram,barplot,pca,data-visualization,histogram,barplot,pca,data-visualization,histogram,barplot,pca,data-visualization,histogram,barplot,pca,data-visualization,histogram,barplot,pca,data-visualization,histogram,barplot
762 : probability,confidence-interval,probability,confidence-interval,probability,confidence-interval
765 : probability,combinatorics,birthday-paradox,probability,combinatorics,birthday-paradox,probability,combinatorics,birthday-paradox,probability,combinatorics,birthday-paradox,probability,combinatorics,birthday-paradox,probability,combinatorics,birthday-paradox,probability,combinatorics,birthday-paradox
775 : distributions,sample-size,sample,normality-assumption,distribution-identification,distributions,sample-size,sample,normality-assumption,distribution-identification,distributions,sample-size,sample,normality-assumption,distribution-identification,distributions,sample-size,sample,normality-assumption,distribution-identification,distributions,sample-size,sample,normality-assumption,distribution-identification,distributions,sample-size,sample,normality-assumption,distribution-identification,distributions,sample-size,sample,normality-assumption,distribution-identification,distributions,sample-size,sample,normality-assumption,distribution-identification,distributions,sample-size,sample,normality-assumption,distribution-identification,distributions,sample-size,sample,normality-assumption,distribution-identification
776 : distributions,sample-size,sample,normality-assumption,distribution-identification,r,references,r,time-series,data-visualization,ggplot2,r,time-series,data-visualization,ggplot2,r,time-series,data-visualization,ggplot2
778 : references,history,references,history,references,history
781 : references,history,time-series,algorithms,frequency,real-time,model-selection,nonparametric,outliers,robust,philosophical,machine-learning,bayesian,references
782 : distributions,sample-size,sample,normality-assumption,distribution-identification
789 : probability,confidence-interval
650 : mathematical-statistics,moments,intuition,circular-statistics
791 : sample
795 : robust,robust,distributions,relative-distribution,distributions,spearman-rho,paired-data,references,humor,hypothesis-testing,t-test,finance,robust,hypothesis-testing,t-test,finance,robust,robust,time-series,machine-learning,pca,data-transformation,multivariate-analysis,hypothesis-testing,t-test,finance,robust,hypothesis-testing,t-test,finance,robust,hypothesis-testing,t-test,finance,robust
799 : modeling,compression
812 : repeated-measures,variability
807 : data-visualization,funnel-plot,java,data-visualization,funnel-plot,java
687 : pareto-distribution,data-imputation
805 : probability,games,dice
394 : time-series,modeling,change-point
830 : references,references,humor
6967 : regression,correlation,variance,regression,correlation,variance,regression,correlation,variance,standard-deviation
